Coding,Impression,Major,College,Hired,TwitterFOLLOWERS,TwitterFOLLOWING,TikTokFOLLOWERS,TikTokTFOLLOWING
Excellent,Shy,Stats,BYU,Yes,5472,8344,8168,2124
OK,Shy,CS,Peters,Yes,5487,3489,9483,7792
OK,Confident,IT,BYU,No,2881,3943,2584,8590
Weak,Outgoing,DataScience,PJIT,No,5310,580,5251,366
Weak,Outgoing,IT,BestCollege,No,5374,6856,6776,6994
Weak,Confident,CS,BYU,Yes,5952,946,9744,938
OK,Nerdy,DataScience,BestCollege,Yes,9946,5996,806,557
Weak,Shy,IT,Peters,No,1575,244,1605,9482
OK,Nerdy,IT,Redbrick,Yes,75,1416,5864,3830
OK,Outgoing,IT,Peters,No,9621,2003,1122,8813
Weak,Shy,CS,PJIT,No,1241,633,1430,7807
Excellent,Shy,CS,Redbrick,Yes,9621,4459,8355,7137
Excellent,Confident,Stats,PJIT,No,6322,3429,5119,992
Excellent,Outgoing,IT,Peters,Yes,5428,8970,5648,6476
Weak,Confident,IT,BYU,No,2041,2686,519,8024
Weak,Shy,Stats,Peters,Yes,9036,2494,7972,2574
OK,Shy,IT,BYU,Yes,8936,8943,6539,1801
Excellent,Outgoing,CS,BestCollege,Yes,5798,2471,6356,3258
Excellent,Nerdy,CS,BestCollege,No,5172,9357,4934,5378
Weak,Shy,Stats,Redbrick,No,2229,8810,9156,8946
Excellent,Nerdy,CS,Redbrick,Yes,9742,8304,4418,5463
OK,Confident,CS,PJIT,Yes,9310,4540,4724,2337
Excellent,Shy,IT,Redbrick,Yes,8824,3596,6013,5428
OK,Shy,DataScience,Peters,Yes,9666,1361,3969,6363
OK,Shy,CS,Peters,No,256,2453,4150,8157
Excellent,Outgoing,CS,Peters,No,1491,3129,1986,5225
OK,Nerdy,Stats,Peters,Yes,4750,6771,5513,3399
Weak,Outgoing,Stats,BYU,Yes,2066,1628,9247,7381
OK,Shy,DataScience,Peters,Yes,8861,525,8806,9807
OK,Confident,IT,BYU,Yes,9270,4925,6160,9869
Weak,Nerdy,DataScience,PJIT,No,8213,4038,2834,7887
Weak,Shy,DataScience,PJIT,Yes,8081,2795,8122,2983
OK,Nerdy,DataScience,Redbrick,No,7676,9626,843,669
Weak,Nerdy,CS,Peters,No,4640,6009,3533,2726
OK,Shy,Stats,PJIT,Yes,6269,5662,5910,7772
Weak,Nerdy,Stats,PJIT,Yes,9047,3998,6621,8445
Excellent,Confident,IT,BYU,No,4881,5455,3630,5945
Excellent,Confident,IT,Peters,Yes,1484,644,5290,9850
OK,Nerdy,CS,BestCollege,No,6925,2153,6428,9051
OK,Outgoing,IT,BYU,Yes,3839,2300,5229,7132
Weak,Confident,CS,PJIT,Yes,9197,4674,5561,898
Weak,Shy,DataScience,PJIT,Yes,8813,4032,4811,3009
Excellent,Shy,Stats,PJIT,Yes,2321,3401,6336,28
OK,Confident,Stats,BestCollege,No,7112,4894,965,8266
OK,Shy,IT,Redbrick,No,4958,6571,3933,9003
Excellent,Nerdy,IT,PJIT,No,9911,5860,74,4720
OK,Shy,IT,BestCollege,No,1493,2818,1717,4217
Excellent,Outgoing,DataScience,BYU,No,5862,9372,1854,398
OK,Confident,Stats,Peters,No,5977,6964,682,4251
Weak,Outgoing,IT,BYU,No,6949,6694,7432,8510
Weak,Outgoing,IT,Redbrick,Yes,9743,4845,6901,3676
OK,Shy,Stats,BYU,No,43,1573,2175,2919
Excellent,Shy,DataScience,PJIT,Yes,6933,7061,7958,6216
Weak,Confident,DataScience,Peters,Yes,9876,1227,6960,5714
Weak,Shy,Stats,BestCollege,No,4256,7375,6351,4907
Excellent,Outgoing,DataScience,BestCollege,Yes,1696,4291,8169,5138
Weak,Shy,Stats,PJIT,No,2070,519,596,1153
OK,Confident,Stats,BestCollege,No,2043,7490,1822,8918
Excellent,Shy,DataScience,BestCollege,No,1917,6708,2237,3198
Weak,Outgoing,Stats,Redbrick,No,3573,1086,3267,553
Excellent,Shy,DataScience,PJIT,No,4524,9062,3635,2857
Excellent,Shy,IT,PJIT,No,556,1110,2984,9744
Weak,Shy,CS,Redbrick,No,4999,2370,6082,6282
Excellent,Nerdy,IT,BestCollege,No,915,2898,7143,7249
Weak,Shy,CS,BYU,No,7894,3214,7667,1197
OK,Nerdy,DataScience,Peters,Yes,9025,3358,9954,6644
Excellent,Outgoing,Stats,Redbrick,Yes,1875,2484,9755,1098
OK,Outgoing,DataScience,Redbrick,No,2895,2077,2305,5368
Weak,Outgoing,Stats,BestCollege,Yes,9227,9990,7571,6357
Excellent,Nerdy,CS,Redbrick,Yes,6925,1202,2277,7264
Weak,Shy,Stats,BestCollege,No,5209,6097,3949,850
Excellent,Confident,IT,Redbrick,Yes,6995,5374,8690,205
Weak,Shy,CS,BYU,No,2678,6670,7710,4675
Excellent,Nerdy,IT,BYU,Yes,8565,4004,7325,1435
Excellent,Nerdy,CS,BYU,Yes,497,1887,6845,5151
Excellent,Confident,CS,BestCollege,Yes,5980,379,6414,6382
OK,Nerdy,CS,PJIT,No,756,5145,4534,3415
Excellent,Nerdy,IT,Peters,Yes,9647,4967,5720,777
OK,Nerdy,Stats,BYU,Yes,2205,3455,2103,364
Weak,Confident,CS,PJIT,No,8746,7660,7524,8787
OK,Shy,IT,PJIT,Yes,9298,3949,5166,5673
Weak,Nerdy,Stats,BestCollege,No,4471,6058,3004,676
Weak,Nerdy,DataScience,BYU,Yes,2665,3209,8275,5157
Excellent,Confident,DataScience,Redbrick,No,1486,6733,4775,976
OK,Nerdy,CS,BestCollege,Yes,3990,634,9611,6862
Excellent,Outgoing,CS,Redbrick,No,623,9218,3890,8822
OK,Outgoing,Stats,Redbrick,Yes,2945,9468,5640,5507
Excellent,Confident,IT,PJIT,Yes,1260,9428,5876,8537
OK,Nerdy,Stats,Peters,Yes,5141,4484,7681,158
Excellent,Outgoing,IT,Peters,Yes,7449,6346,7387,4093
Excellent,Confident,CS,BestCollege,Yes,7492,4747,5606,3208
Weak,Confident,Stats,Peters,No,836,7951,5824,8167
OK,Nerdy,CS,BestCollege,Yes,2905,2724,9723,3506
OK,Confident,CS,BestCollege,No,7406,9706,4266,6194
OK,Outgoing,Stats,PJIT,Yes,1191,6938,5886,6106
Weak,Nerdy,IT,Redbrick,Yes,2308,8724,5250,622
Weak,Shy,IT,PJIT,No,5191,5112,2683,979
Weak,Nerdy,IT,Peters,No,3216,3547,1233,5124
Weak,Nerdy,Stats,PJIT,No,7258,9775,4237,4518
Weak,Nerdy,IT,BestCollege,Yes,8345,8463,8178,626
Excellent,Outgoing,DataScience,BYU,Yes,5180,160,9150,1969
Weak,Shy,IT,PJIT,Yes,4947,5384,8684,8607
Weak,Shy,CS,Redbrick,No,6322,2071,1292,1100
Excellent,Confident,Stats,Redbrick,No,4649,4805,1736,2519
OK,Outgoing,IT,Redbrick,No,7075,5031,3238,9384
Weak,Nerdy,CS,Peters,No,4272,7201,7388,5434
OK,Shy,IT,Redbrick,Yes,7145,6033,8677,3880
Excellent,Nerdy,CS,Redbrick,Yes,8010,9099,8967,9206
Excellent,Outgoing,IT,BYU,Yes,4383,3152,5225,4200
Weak,Confident,Stats,BYU,No,3989,1620,574,3097
Excellent,Shy,DataScience,Redbrick,Yes,4850,356,6168,3397
Weak,Shy,Stats,BestCollege,No,7104,4076,7938,372
Excellent,Nerdy,DataScience,PJIT,No,4257,3135,3026,8402
Weak,Outgoing,DataScience,PJIT,No,2505,1845,959,5245
Excellent,Nerdy,DataScience,BestCollege,Yes,362,4224,7082,36
Weak,Shy,IT,BestCollege,No,2410,9386,7636,5646
Excellent,Shy,CS,BestCollege,No,6559,8962,4062,6024
Excellent,Outgoing,CS,BYU,No,699,7076,3175,9432
Excellent,Nerdy,IT,BestCollege,No,4257,1426,5587,2794
Weak,Shy,Stats,Redbrick,No,508,272,7149,5516
Weak,Confident,Stats,Redbrick,Yes,1228,7671,8641,1919
OK,Shy,DataScience,BYU,Yes,8610,8359,7300,3263
Weak,Shy,DataScience,Redbrick,No,3267,8854,3690,9166
Excellent,Confident,Stats,BYU,Yes,1103,2612,9966,7369
Excellent,Outgoing,DataScience,BYU,Yes,6592,3358,2000,45
Weak,Shy,DataScience,BestCollege,No,596,8417,226,4594
Excellent,Outgoing,DataScience,Redbrick,Yes,3801,1008,3324,2948
Weak,Outgoing,CS,PJIT,No,1095,785,5809,1567
Weak,Outgoing,CS,Peters,No,6222,2266,7610,2496
OK,Outgoing,CS,Redbrick,Yes,5588,4942,4112,3345
Excellent,Confident,CS,BYU,No,5568,2200,273,9053
OK,Nerdy,Stats,Redbrick,Yes,5819,1330,9696,3182
Weak,Shy,Stats,Redbrick,No,1743,1373,5684,136
Weak,Nerdy,CS,Redbrick,Yes,6956,9406,5073,2496
OK,Outgoing,CS,Peters,No,8747,6546,3050,5578
Excellent,Outgoing,DataScience,BYU,No,1732,1995,1019,8539
OK,Nerdy,CS,BestCollege,No,5505,8939,7824,3895
Excellent,Shy,Stats,PJIT,Yes,5716,8614,6520,8225
Weak,Outgoing,DataScience,Peters,No,4840,3280,7390,3408
OK,Confident,Stats,Redbrick,No,1642,8934,4024,8640
OK,Shy,DataScience,Peters,No,1949,3832,9156,8536
OK,Confident,CS,BestCollege,Yes,6532,3375,3144,2148
Weak,Shy,CS,PJIT,No,1074,3102,5442,5397
OK,Shy,Stats,Redbrick,Yes,326,2080,5455,3589
Excellent,Outgoing,IT,Peters,Yes,8722,108,8897,9127
OK,Nerdy,DataScience,BYU,Yes,6488,6581,9727,8694
OK,Confident,CS,BYU,No,3840,1523,2404,8206
Weak,Confident,DataScience,PJIT,No,1613,8993,4591,7595
Excellent,Confident,CS,Redbrick,Yes,2821,1508,6483,8930
Excellent,Confident,Stats,Redbrick,Yes,1118,6484,7591,5515
OK,Confident,Stats,Redbrick,Yes,4396,7820,314,8486
Excellent,Nerdy,DataScience,BYU,No,2973,1463,2331,4923
Excellent,Outgoing,Stats,Redbrick,Yes,4670,4693,7305,4054
Excellent,Nerdy,DataScience,Peters,Yes,3251,6043,7583,6278
OK,Confident,IT,Redbrick,Yes,2557,5888,3685,5175
Excellent,Outgoing,IT,BYU,No,988,566,3270,9489
OK,Shy,DataScience,Redbrick,No,3186,7522,4521,5562
OK,Nerdy,IT,BYU,Yes,2164,9226,8889,7083
Weak,Shy,DataScience,BestCollege,No,6060,3210,7618,6595
Excellent,Outgoing,DataScience,PJIT,Yes,3334,8089,7936,7772
Weak,Shy,Stats,BestCollege,Yes,8667,1597,864,5870
Excellent,Confident,CS,BestCollege,No,6135,5385,4389,6200
OK,Nerdy,Stats,BestCollege,No,6217,8562,5,4744
Excellent,Outgoing,CS,Redbrick,No,4750,3280,189,5587
OK,Confident,Stats,Redbrick,Yes,9519,597,6542,6999
Excellent,Confident,CS,PJIT,No,5205,8504,1127,1017
Excellent,Shy,DataScience,Redbrick,No,5987,3919,1773,6316
Excellent,Outgoing,IT,BestCollege,Yes,6221,2420,5880,9702
Excellent,Shy,Stats,BYU,No,2991,8731,1153,3786
OK,Outgoing,CS,BestCollege,No,9687,8590,3347,9738
OK,Outgoing,Stats,PJIT,Yes,6252,8611,3867,7017
OK,Outgoing,Stats,PJIT,No,3321,7545,501,2591
Excellent,Shy,Stats,BYU,No,1056,8069,3374,3910
Weak,Outgoing,CS,PJIT,Yes,7658,6540,8202,271
OK,Outgoing,CS,BestCollege,No,136,1151,1269,3284
Weak,Nerdy,IT,PJIT,No,6107,2209,3480,1801
Excellent,Shy,CS,Redbrick,Yes,9203,9089,5814,3371
OK,Shy,DataScience,BestCollege,No,35,5389,5932,5759
Weak,Nerdy,DataScience,PJIT,No,8511,8102,4043,5391
OK,Confident,Stats,Redbrick,No,4468,8172,4120,8250
Weak,Confident,CS,PJIT,No,1102,3577,440,3942
OK,Nerdy,DataScience,Peters,Yes,4623,3029,5611,4089
Weak,Shy,Stats,BestCollege,No,5681,4667,4960,5407
Excellent,Nerdy,DataScience,BYU,No,9243,8532,3307,6193
Weak,Confident,IT,Redbrick,No,5520,1175,4252,7414
Excellent,Nerdy,DataScience,BestCollege,No,3534,4993,3777,7263
Weak,Shy,DataScience,PJIT,No,1383,7530,5723,8544
Weak,Confident,CS,BYU,Yes,7719,3152,9857,3706
OK,Shy,DataScience,BestCollege,No,9310,4725,4516,8298
Excellent,Nerdy,IT,BestCollege,No,6843,2046,290,5974
Excellent,Nerdy,Stats,PJIT,Yes,1396,2795,7346,2535
Excellent,Outgoing,DataScience,BestCollege,Yes,9950,6420,7866,8121
Weak,Outgoing,Stats,Peters,No,5713,5040,2712,9916
OK,Shy,CS,BYU,Yes,6886,5248,3799,641
Weak,Nerdy,CS,Peters,No,5874,6627,3187,1824
OK,Outgoing,DataScience,BestCollege,No,428,4626,2303,6316
Excellent,Outgoing,CS,PJIT,Yes,4049,4162,7031,8597
Excellent,Nerdy,IT,BestCollege,Yes,8478,9232,3278,81
OK,Outgoing,DataScience,Peters,No,2606,6340,987,4422
OK,Outgoing,Stats,Peters,No,4546,8292,3698,2574
OK,Nerdy,CS,Redbrick,Yes,2726,4928,5567,4934
Weak,Outgoing,IT,BestCollege,Yes,5612,5990,8875,3287
Excellent,Shy,IT,BYU,Yes,5027,5088,9219,973
Excellent,Nerdy,IT,PJIT,No,1945,1693,1684,3704
Weak,Shy,DataScience,Redbrick,Yes,4706,97,8434,641
Excellent,Outgoing,CS,Redbrick,Yes,5862,1929,4437,7103
Weak,Shy,DataScience,BYU,No,3212,2525,4602,1289
Excellent,Confident,CS,BestCollege,Yes,8026,6743,6059,2331
Excellent,Confident,CS,BYU,Yes,2677,2580,8223,7219
Weak,Confident,DataScience,PJIT,No,3053,5903,696,5632
OK,Nerdy,CS,Redbrick,No,3855,1067,1820,819
Excellent,Nerdy,IT,PJIT,Yes,8675,2223,8746,9609
Excellent,Shy,IT,Redbrick,Yes,3165,7649,8048,6653
Weak,Nerdy,IT,BestCollege,No,5390,377,3582,6871
Weak,Nerdy,Stats,BYU,Yes,6380,2488,4773,6181
Weak,Outgoing,DataScience,Peters,No,3284,7271,1179,6963
OK,Confident,DataScience,PJIT,No,1441,9888,4161,1196
Excellent,Confident,CS,Redbrick,Yes,1332,889,9623,8967
OK,Nerdy,CS,PJIT,No,9167,3947,197,1399
Excellent,Nerdy,CS,Redbrick,Yes,9143,6548,4636,3420
Excellent,Nerdy,IT,Peters,Yes,4424,8781,8120,5576
Excellent,Nerdy,CS,BestCollege,Yes,6396,971,9340,2693
Weak,Outgoing,IT,PJIT,No,4310,2478,4558,9421
Excellent,Outgoing,IT,Redbrick,Yes,5666,659,9376,2045
Weak,Nerdy,DataScience,PJIT,Yes,5260,3811,6170,206
Weak,Shy,Stats,Peters,No,1429,5623,2118,8070
Weak,Shy,DataScience,BestCollege,No,1377,8943,243,4951
Excellent,Outgoing,Stats,Peters,No,8558,563,306,8385
Excellent,Confident,Stats,Redbrick,No,7185,9730,3113,9667
Weak,Confident,DataScience,PJIT,Yes,5715,3676,5083,4496
Weak,Confident,Stats,Redbrick,Yes,5475,9258,9900,5184
Weak,Outgoing,CS,PJIT,No,4191,8004,732,5272
Excellent,Nerdy,CS,BYU,Yes,1849,9669,8618,9582
OK,Outgoing,Stats,BYU,Yes,2804,4341,7536,903
OK,Shy,Stats,Redbrick,Yes,9004,9887,7984,6479
OK,Nerdy,IT,Peters,No,765,6217,3269,7383
Weak,Confident,DataScience,BYU,Yes,9435,1405,7103,3695
Excellent,Shy,IT,Peters,No,661,8155,676,6885
Weak,Confident,IT,PJIT,Yes,9914,4016,8632,3112
Weak,Nerdy,IT,BYU,No,4195,9133,8989,8208
Excellent,Shy,DataScience,Peters,Yes,9794,434,9242,7382
Weak,Shy,Stats,BYU,No,3022,9024,7559,809
Weak,Nerdy,IT,Redbrick,Yes,4827,1969,7375,682
OK,Confident,CS,BYU,Yes,2736,7375,5057,3517
OK,Shy,DataScience,Redbrick,Yes,4993,9080,8154,6549
OK,Outgoing,CS,Peters,Yes,4852,9899,5179,3891
OK,Confident,IT,Redbrick,Yes,8486,9420,6419,294
Excellent,Confident,DataScience,Redbrick,Yes,4616,2640,1081,25
OK,Shy,DataScience,PJIT,No,7608,9801,2990,7173
Weak,Confident,Stats,Redbrick,No,9538,5279,3365,7713
Weak,Nerdy,IT,Redbrick,Yes,9487,9817,6065,8218
OK,Shy,Stats,BYU,Yes,8454,5179,8280,8648
OK,Nerdy,CS,BestCollege,No,1595,5974,5997,1336
Weak,Nerdy,CS,Redbrick,Yes,7749,6430,7534,2030
OK,Confident,CS,PJIT,No,3802,4213,484,5461
Excellent,Outgoing,IT,Peters,No,1235,8651,1357,2558
Weak,Outgoing,DataScience,BYU,No,1665,1337,4897,2921
Weak,Outgoing,DataScience,Redbrick,No,2175,5316,5943,1920
Weak,Nerdy,IT,Redbrick,No,3348,7617,3546,3463
Weak,Nerdy,CS,PJIT,No,2498,4521,4387,3736
OK,Nerdy,Stats,PJIT,No,3205,9610,242,8444
OK,Outgoing,IT,Redbrick,Yes,8556,2206,7747,433
Excellent,Outgoing,Stats,Redbrick,No,4435,5784,3186,4181
OK,Shy,DataScience,BestCollege,Yes,9444,1840,4711,3800
Excellent,Shy,DataScience,Peters,No,5991,7752,1969,1881
Weak,Nerdy,DataScience,Peters,No,14,4372,2532,5948
Excellent,Nerdy,DataScience,BestCollege,Yes,1751,6482,7449,2437
Weak,Confident,IT,PJIT,No,3459,5646,3540,429
Weak,Shy,IT,Redbrick,Yes,4660,9613,9575,470
OK,Outgoing,CS,PJIT,No,7586,9386,1041,524
OK,Confident,DataScience,PJIT,Yes,4593,7048,5394,4537
Excellent,Outgoing,IT,BestCollege,Yes,8339,7184,5647,9193
Excellent,Confident,Stats,BestCollege,Yes,4744,4808,8614,696
Excellent,Shy,DataScience,PJIT,Yes,7778,1099,5362,4970
Excellent,Shy,Stats,Peters,Yes,7810,9872,6610,4751
OK,Shy,DataScience,BestCollege,Yes,7944,7763,6963,3886
Excellent,Shy,IT,Peters,Yes,4820,6883,7155,4562
OK,Confident,Stats,PJIT,Yes,1027,8131,6776,5713
Excellent,Confident,DataScience,PJIT,Yes,8045,4055,9956,7076
OK,Confident,DataScience,BestCollege,Yes,5355,3348,9784,9427
Weak,Outgoing,Stats,BYU,No,5501,8422,187,2308
Excellent,Confident,CS,PJIT,No,1197,3011,8663,9419
Excellent,Nerdy,DataScience,BYU,Yes,6892,1639,3336,2050
Excellent,Nerdy,DataScience,BYU,No,5280,5517,4709,6864
Excellent,Outgoing,Stats,Redbrick,Yes,1711,3241,6679,6532
Excellent,Confident,CS,BYU,No,4946,3356,3394,9531
Weak,Outgoing,CS,BestCollege,No,6672,693,3221,4586
Excellent,Confident,DataScience,BestCollege,Yes,8673,998,9653,106
Weak,Shy,Stats,PJIT,No,6306,2554,5074,875
Excellent,Outgoing,Stats,PJIT,Yes,8272,321,8287,8905
Weak,Nerdy,CS,PJIT,Yes,2852,7373,7782,3081
OK,Shy,CS,Peters,Yes,8516,2487,7209,791
Weak,Nerdy,IT,BYU,No,2939,4391,6152,7710
Weak,Shy,Stats,Peters,No,6988,5803,1579,2818
Weak,Confident,DataScience,Redbrick,No,6772,6833,2120,3495
Weak,Confident,Stats,Peters,No,2269,8788,174,6284
Weak,Shy,Stats,Redbrick,Yes,1927,6492,8580,4651
Weak,Nerdy,DataScience,BestCollege,No,6537,6661,1376,5754
Excellent,Confident,CS,Peters,Yes,4627,3564,4747,2794
OK,Nerdy,IT,Redbrick,Yes,416,6914,5872,7394
OK,Outgoing,CS,BYU,No,1711,3224,4998,6825
Excellent,Confident,Stats,Redbrick,Yes,6956,7454,3607,1453
Excellent,Confident,IT,PJIT,Yes,1863,8568,9475,7376
OK,Confident,IT,BestCollege,No,7050,8062,3016,4062
Excellent,Outgoing,CS,PJIT,Yes,3941,4581,3134,1885
Excellent,Nerdy,DataScience,BestCollege,No,1390,9129,4457,1672
OK,Outgoing,DataScience,BestCollege,Yes,8533,5634,4072,1482
OK,Confident,IT,BestCollege,Yes,453,8216,5064,6812
OK,Shy,Stats,BestCollege,No,963,2517,7337,4852
OK,Shy,DataScience,Peters,Yes,3930,2538,3023,3688
OK,Outgoing,Stats,BestCollege,No,131,8108,3124,7259
Weak,Nerdy,CS,Peters,No,3358,6078,2502,7111
OK,Outgoing,CS,BYU,No,342,4739,692,4979
Excellent,Nerdy,Stats,PJIT,Yes,9306,6540,9684,1508
Excellent,Nerdy,Stats,PJIT,Yes,8402,4377,7877,5598
Excellent,Outgoing,CS,Peters,Yes,3693,9170,6757,3479
Excellent,Nerdy,IT,Peters,Yes,7378,6435,3961,997
OK,Confident,IT,BestCollege,Yes,9453,8946,1777,743
Excellent,Shy,DataScience,BYU,No,3851,9009,4706,5531
OK,Confident,DataScience,Redbrick,Yes,5430,5407,8811,9109
Weak,Confident,DataScience,BestCollege,Yes,9637,3841,1241,4150
OK,Shy,CS,BYU,Yes,173,7802,5121,9263
OK,Shy,CS,PJIT,Yes,1113,5758,8635,5537
OK,Outgoing,Stats,PJIT,Yes,9509,5932,6920,1525
Excellent,Outgoing,Stats,BestCollege,Yes,5267,1733,4952,8160
OK,Nerdy,CS,BYU,Yes,5537,3756,5326,6974
Excellent,Outgoing,CS,PJIT,No,5467,5640,4896,9190
Excellent,Nerdy,Stats,PJIT,Yes,9550,52,824,6352
Excellent,Shy,DataScience,PJIT,Yes,6418,756,5370,4717
Weak,Confident,IT,PJIT,No,2303,7343,6453,9036
Weak,Nerdy,Stats,PJIT,No,1984,6007,3902,375
Excellent,Outgoing,DataScience,BestCollege,Yes,7323,8193,2435,655
Excellent,Nerdy,IT,Peters,No,3311,3228,9529,8290
OK,Outgoing,IT,PJIT,Yes,5429,8281,8945,2341
OK,Confident,IT,PJIT,Yes,3523,9614,5910,8698
Excellent,Confident,IT,Redbrick,Yes,7377,4047,1174,7630
Weak,Shy,DataScience,PJIT,Yes,8947,4085,47,1320
Weak,Nerdy,Stats,Peters,Yes,2442,3452,9700,6268
Excellent,Shy,DataScience,Redbrick,Yes,7758,9087,5588,5544
Excellent,Nerdy,Stats,BYU,No,1020,3979,4356,2148
Excellent,Nerdy,Stats,PJIT,Yes,9294,9104,6311,848
Excellent,Nerdy,IT,BYU,No,1738,9878,595,2105
Excellent,Confident,IT,Redbrick,Yes,1216,5198,9682,9758
OK,Nerdy,Stats,Redbrick,Yes,3531,4280,9675,9540
OK,Nerdy,CS,PJIT,No,8724,1533,1782,9673
Excellent,Confident,DataScience,Peters,No,272,8963,2243,4299
Weak,Nerdy,Stats,PJIT,No,9098,6988,3567,8130
Weak,Confident,Stats,Redbrick,No,997,7532,2035,9022
OK,Outgoing,DataScience,PJIT,No,6876,5319,1202,9553
Weak,Outgoing,IT,BYU,No,870,6111,7506,8249
Weak,Outgoing,CS,BestCollege,No,7887,1051,914,7948
Weak,Confident,IT,BestCollege,Yes,8092,4312,600,4084
Weak,Nerdy,IT,Redbrick,No,6035,5853,1945,9033
OK,Outgoing,Stats,BYU,Yes,8963,6419,8572,9390
Excellent,Confident,DataScience,Redbrick,No,703,9220,3986,828
OK,Nerdy,DataScience,PJIT,Yes,9418,1242,1498,1896
Excellent,Nerdy,DataScience,Peters,Yes,1060,2219,9662,7170
Weak,Outgoing,IT,Peters,Yes,8666,3749,9524,9806
OK,Nerdy,Stats,Peters,Yes,3150,1957,4120,4581
Excellent,Confident,Stats,Redbrick,Yes,5747,1624,7406,2608
OK,Nerdy,Stats,BestCollege,No,6672,3347,5299,9840
OK,Nerdy,IT,BestCollege,Yes,5833,1471,9366,3571
Excellent,Outgoing,DataScience,Redbrick,Yes,7839,5850,6575,4122
Weak,Shy,IT,BYU,No,1822,9316,1170,7576
Weak,Outgoing,DataScience,BYU,No,3784,2793,5787,5182
Excellent,Confident,IT,Redbrick,Yes,8778,301,9320,7398
OK,Outgoing,Stats,Redbrick,Yes,1062,1530,7803,1463
Weak,Nerdy,Stats,PJIT,No,1924,2883,2407,1802
Weak,Shy,IT,BYU,No,713,7701,7364,7945
OK,Shy,IT,BYU,Yes,8948,3501,5422,9381
Excellent,Confident,DataScience,Redbrick,Yes,4640,9169,8609,1749
Weak,Nerdy,DataScience,BYU,No,6268,3971,7949,8664
Weak,Confident,IT,Redbrick,No,3057,6187,4361,9791
OK,Confident,IT,PJIT,Yes,8196,9011,8176,3394
Excellent,Confident,Stats,BYU,No,3464,9831,4641,3383
Weak,Nerdy,DataScience,Peters,No,1775,1558,3227,3291
OK,Shy,CS,Peters,Yes,8167,4122,555,2474
Weak,Nerdy,IT,Redbrick,Yes,8013,7607,9954,687
OK,Outgoing,CS,BestCollege,Yes,4723,9879,6035,8799
Weak,Shy,DataScience,Peters,Yes,8853,3570,8841,6651
Excellent,Outgoing,CS,BYU,No,5429,5879,3479,5955
Weak,Confident,CS,BestCollege,No,7197,7742,6629,9399
Weak,Nerdy,IT,PJIT,No,5069,1075,3312,4442
Excellent,Nerdy,DataScience,BYU,Yes,3889,2894,9000,7275
Weak,Confident,DataScience,BestCollege,No,6998,1124,4966,6943
Excellent,Confident,Stats,Redbrick,Yes,8410,371,5916,9826
OK,Nerdy,DataScience,PJIT,Yes,6874,3657,8223,1495
Weak,Confident,DataScience,PJIT,No,7384,9695,921,7841
OK,Shy,IT,BYU,Yes,4717,6577,3157,430
OK,Outgoing,CS,BestCollege,Yes,9951,9183,8195,8903
Excellent,Outgoing,Stats,Redbrick,Yes,1673,6089,8194,5275
Excellent,Shy,CS,Peters,No,1215,4398,1503,1916
OK,Confident,Stats,BestCollege,Yes,1959,160,6663,9606
Excellent,Nerdy,IT,PJIT,Yes,6226,9286,6282,4982
Weak,Shy,IT,Redbrick,No,3974,9996,2292,6258
Excellent,Confident,CS,Peters,Yes,5363,9743,9816,9269
Weak,Outgoing,DataScience,BestCollege,No,5984,7666,6113,2538
Weak,Nerdy,CS,Peters,No,7862,9899,1674,4386
Excellent,Shy,DataScience,Peters,Yes,7693,9064,8683,8304
Weak,Nerdy,DataScience,BestCollege,Yes,9576,2402,8965,4889
Excellent,Shy,Stats,BestCollege,Yes,6036,8011,6501,5041
Weak,Nerdy,DataScience,BYU,No,4445,3737,2824,907
Weak,Outgoing,DataScience,PJIT,No,489,5871,8278,8723
OK,Confident,DataScience,BestCollege,No,1010,6130,9924,7050
OK,Nerdy,Stats,BestCollege,No,2490,2133,7321,9192
Weak,Outgoing,Stats,Peters,No,562,7208,2752,1831
OK,Confident,CS,Redbrick,Yes,4946,3715,2999,2515
Weak,Shy,IT,BestCollege,Yes,993,3234,9777,588
Excellent,Nerdy,IT,BestCollege,Yes,3070,8058,8763,2210
Excellent,Nerdy,IT,BestCollege,No,8291,6767,2611,7615
Weak,Nerdy,CS,Redbrick,No,4090,3152,1555,9144
Excellent,Outgoing,DataScience,BYU,Yes,1537,9600,5763,4245
Weak,Shy,IT,Redbrick,No,6205,7684,4222,9386
OK,Shy,CS,Redbrick,Yes,7613,2180,1665,1868
Excellent,Outgoing,DataScience,Peters,Yes,2294,5239,9316,1220
Weak,Outgoing,CS,Redbrick,No,627,8611,580,1646
OK,Shy,Stats,BYU,Yes,632,1335,7616,8241
Weak,Shy,CS,PJIT,No,751,1915,4911,9638
OK,Shy,IT,PJIT,Yes,1504,1170,9151,926
Weak,Shy,DataScience,Redbrick,No,6753,256,6376,7273
Excellent,Outgoing,CS,PJIT,Yes,6885,498,4895,9705
OK,Nerdy,IT,Peters,Yes,7115,7098,7130,3745
Weak,Nerdy,DataScience,Peters,No,4876,405,5266,8507
OK,Shy,Stats,BYU,Yes,8537,3479,5190,2528
Excellent,Confident,CS,Redbrick,No,6032,9018,3120,9772
Excellent,Outgoing,Stats,Peters,Yes,6289,2024,4800,5113
Weak,Shy,DataScience,BYU,No,5804,8873,4624,1590
Weak,Outgoing,CS,PJIT,No,429,939,2193,8281
Excellent,Nerdy,Stats,BestCollege,Yes,3676,5440,5655,9036
Excellent,Outgoing,DataScience,Redbrick,Yes,6491,4466,2285,2348
OK,Nerdy,IT,PJIT,Yes,5295,6746,6544,2914
Excellent,Outgoing,Stats,BestCollege,Yes,1383,6461,7944,906
OK,Nerdy,CS,Peters,Yes,2578,1771,3316,1693
OK,Shy,IT,Redbrick,Yes,6300,908,4481,8082
Weak,Confident,DataScience,BestCollege,No,496,3559,1017,7068
Excellent,Nerdy,Stats,BestCollege,No,1040,3940,3299,8757
Weak,Confident,IT,Peters,Yes,424,3895,9721,7057
Weak,Nerdy,CS,BestCollege,Yes,8858,1759,4993,4166
OK,Outgoing,CS,BYU,No,562,6617,128,6650
Excellent,Nerdy,DataScience,Redbrick,No,627,8308,1049,8054
Excellent,Confident,DataScience,BestCollege,Yes,9348,131,697,8032
OK,Confident,CS,PJIT,Yes,2795,1364,9895,4641
Excellent,Outgoing,IT,Redbrick,Yes,5889,6926,6744,1969
OK,Shy,CS,Peters,No,312,6552,3004,9156
OK,Confident,Stats,BestCollege,No,4425,6142,2691,3985
Weak,Shy,IT,BestCollege,No,1896,4748,2687,9187
OK,Confident,CS,Redbrick,Yes,7778,6784,5827,911
Weak,Nerdy,CS,BestCollege,Yes,6177,5305,8984,1332
Excellent,Nerdy,Stats,Peters,No,5912,7744,1335,9621
Weak,Confident,CS,Peters,Yes,2137,3355,9766,7910
OK,Outgoing,Stats,PJIT,Yes,6838,1822,4764,4899
Weak,Outgoing,IT,Redbrick,No,6197,7618,9820,8443
OK,Confident,DataScience,BestCollege,No,6535,537,3145,9258
Weak,Confident,CS,Redbrick,Yes,7133,2762,8173,8566
Excellent,Outgoing,IT,Redbrick,Yes,3668,1531,3368,672
OK,Confident,CS,BestCollege,No,5441,2101,3678,9625
OK,Confident,CS,Redbrick,Yes,1441,795,3958,3783
OK,Confident,DataScience,PJIT,Yes,1237,6568,8768,3853
Excellent,Confident,IT,Peters,Yes,3138,7463,6500,2317
Excellent,Outgoing,CS,BYU,No,798,4986,3482,9584
OK,Confident,Stats,Peters,Yes,6655,3944,9690,7208
Excellent,Outgoing,DataScience,Peters,No,436,2183,2972,4976
OK,Confident,CS,Redbrick,Yes,7213,4850,6698,7318
Weak,Outgoing,DataScience,Peters,No,7781,5769,618,8806
OK,Nerdy,Stats,PJIT,Yes,3980,9578,5652,3873
Weak,Shy,IT,Redbrick,No,3048,6548,3669,7672
Weak,Shy,DataScience,Peters,No,7310,5454,7527,5105
Excellent,Shy,CS,Peters,Yes,9092,8838,7775,5508
OK,Shy,IT,Redbrick,Yes,1043,5459,5221,2166
Weak,Confident,CS,Peters,Yes,8970,2846,1593,6120
Weak,Confident,DataScience,BestCollege,No,4012,5493,1901,2917
Excellent,Confident,Stats,Peters,Yes,6317,8375,6547,1361
Excellent,Outgoing,DataScience,PJIT,Yes,5998,4434,5084,2688
Weak,Nerdy,DataScience,BYU,No,938,9763,7201,1872
Weak,Nerdy,DataScience,BYU,No,5939,9510,9967,8096
Excellent,Nerdy,DataScience,BestCollege,Yes,8838,7554,1512,2400
Excellent,Nerdy,Stats,Redbrick,Yes,9876,5262,3200,4272
Weak,Nerdy,DataScience,PJIT,Yes,4222,4724,8310,6042
Excellent,Shy,DataScience,BestCollege,No,6377,5465,7883,4975
Excellent,Outgoing,DataScience,Redbrick,No,2120,8686,3601,3887
OK,Outgoing,Stats,Redbrick,Yes,8916,6266,9433,5734
Excellent,Shy,DataScience,BYU,Yes,7202,4575,8304,4657
Weak,Shy,DataScience,BestCollege,No,616,8069,5153,2683
Excellent,Nerdy,IT,Peters,Yes,8471,4231,4554,8511
Excellent,Confident,IT,BestCollege,Yes,7901,2040,1347,5810
Weak,Shy,IT,BYU,No,4242,5672,7035,8982
Weak,Shy,DataScience,BYU,Yes,6549,1744,9571,4338
Excellent,Shy,CS,BYU,No,6699,7264,3100,5430
OK,Outgoing,DataScience,Peters,Yes,9949,8544,2028,2306
Excellent,Nerdy,CS,Peters,Yes,3854,1642,5038,9864
OK,Outgoing,Stats,Peters,Yes,2184,7030,9958,8323
OK,Shy,CS,Peters,No,3293,609,3015,7557
Excellent,Shy,DataScience,Redbrick,No,109,7470,2471,1185
OK,Shy,DataScience,Redbrick,No,3031,4161,3279,5649
OK,Shy,Stats,BYU,Yes,4833,1919,5456,7688
OK,Nerdy,DataScience,Redbrick,Yes,7173,2801,8464,6468
Excellent,Shy,Stats,BestCollege,No,8174,5013,3571,9723
Excellent,Confident,Stats,Peters,No,4302,9014,1819,6378
Excellent,Shy,Stats,Redbrick,Yes,4024,2357,8711,9768
OK,Nerdy,IT,BYU,Yes,4211,1893,6940,5219
Excellent,Shy,CS,BestCollege,Yes,3639,8051,7806,9450
OK,Outgoing,CS,PJIT,Yes,5320,6665,8945,6678
Excellent,Outgoing,IT,Redbrick,Yes,9629,6267,5398,2407
Excellent,Outgoing,DataScience,PJIT,Yes,153,7209,7033,3086
OK,Confident,Stats,BestCollege,Yes,5984,7174,9599,3051
OK,Nerdy,CS,BYU,Yes,4022,8990,5152,2323
Weak,Shy,DataScience,Redbrick,No,1962,4393,5159,1382
OK,Confident,CS,Peters,Yes,6464,5417,7983,6375
Excellent,Confident,Stats,BestCollege,No,2408,225,3108,6242
Weak,Confident,IT,BestCollege,Yes,3027,1920,9113,4007
Excellent,Nerdy,Stats,BestCollege,Yes,7399,8982,3430,515
Excellent,Nerdy,DataScience,PJIT,Yes,2738,3995,7438,6768
OK,Nerdy,DataScience,Redbrick,Yes,117,5105,5139,4871
OK,Confident,DataScience,BestCollege,Yes,8815,4801,6698,1337
Weak,Shy,Stats,BestCollege,No,1407,1806,2611,8077
OK,Shy,DataScience,Peters,No,603,393,2607,3902
Excellent,Confident,IT,Redbrick,Yes,6018,3231,6837,7419
OK,Shy,DataScience,PJIT,No,8974,9657,244,2980
Weak,Shy,Stats,PJIT,No,2549,2257,1994,2134
Weak,Outgoing,Stats,BYU,Yes,7574,8141,5291,4691
Weak,Nerdy,CS,Peters,No,5527,9779,7247,3514
OK,Outgoing,DataScience,Peters,Yes,8977,5612,2628,2832
Excellent,Nerdy,Stats,PJIT,No,8007,3991,892,8448
Weak,Nerdy,DataScience,Redbrick,Yes,7788,4399,5519,4386
Weak,Shy,CS,BYU,No,4986,2901,5139,9087
OK,Confident,DataScience,Peters,No,232,7506,3317,3964
Excellent,Nerdy,Stats,BYU,Yes,6744,9788,9646,8829
Excellent,Confident,DataScience,Peters,No,428,4613,4637,7127
Weak,Confident,DataScience,PJIT,No,6720,6636,2827,1679
Weak,Shy,Stats,BYU,Yes,7979,1509,8193,1615
Excellent,Outgoing,CS,PJIT,Yes,9517,1426,3246,5708
OK,Shy,CS,PJIT,Yes,19,5692,7298,4207
Excellent,Outgoing,DataScience,BestCollege,No,3640,9009,261,9839
OK,Nerdy,Stats,BYU,No,861,3482,819,6483
Weak,Confident,IT,BYU,No,1554,9530,6911,303
Excellent,Confident,IT,Redbrick,Yes,361,6304,9034,5454
OK,Shy,Stats,Redbrick,No,1074,9252,3627,7479
Weak,Nerdy,CS,BestCollege,No,109,5367,621,5519
Weak,Shy,DataScience,BestCollege,Yes,8141,2146,4663,156
OK,Shy,IT,BestCollege,No,6788,9844,1037,6440
Excellent,Outgoing,DataScience,BestCollege,Yes,9431,5685,5256,297
Weak,Outgoing,CS,Peters,Yes,4113,2364,8735,1099
Excellent,Nerdy,CS,Redbrick,No,3241,9853,1710,1975
Weak,Nerdy,IT,Redbrick,Yes,7716,8880,7584,5490
OK,Nerdy,DataScience,Peters,Yes,9607,2893,9531,3854
OK,Confident,DataScience,Redbrick,No,2202,5452,356,4053
OK,Outgoing,IT,Peters,No,950,849,2504,3083
OK,Outgoing,CS,Peters,No,3637,7019,159,1861
Weak,Nerdy,CS,Redbrick,Yes,5549,8830,5066,831
OK,Nerdy,CS,BestCollege,No,7177,9612,7336,2168
OK,Outgoing,DataScience,BestCollege,Yes,5157,7242,8613,520
Excellent,Outgoing,IT,BestCollege,Yes,8755,2064,8834,4878
Weak,Nerdy,Stats,Peters,No,4424,5223,139,4734
OK,Outgoing,Stats,BYU,No,3509,4325,718,7822
OK,Outgoing,IT,Peters,Yes,205,289,6961,9789
Excellent,Outgoing,CS,PJIT,No,2727,7021,3580,6549
OK,Outgoing,CS,Peters,Yes,9517,2538,6824,1096
Weak,Confident,IT,Peters,No,5542,6011,4644,8744
OK,Outgoing,DataScience,BestCollege,Yes,2669,9546,9924,469
Excellent,Shy,CS,PJIT,No,1037,716,1599,9573
OK,Nerdy,CS,BestCollege,Yes,9325,5699,6382,7700
OK,Outgoing,IT,Redbrick,No,430,8328,2022,1329
Excellent,Confident,IT,PJIT,Yes,8147,3415,6738,5016
Excellent,Nerdy,IT,Peters,Yes,6290,938,3501,7446
Excellent,Shy,IT,BestCollege,No,9140,8531,3258,5436
Weak,Outgoing,Stats,BYU,No,358,9551,5610,8099
OK,Nerdy,IT,BestCollege,No,9488,9264,2773,9458
Excellent,Confident,IT,BestCollege,Yes,7875,940,7184,1758
OK,Outgoing,CS,PJIT,No,7006,8377,2355,1624
Weak,Outgoing,CS,BYU,Yes,9730,6457,6460,7042
OK,Nerdy,Stats,PJIT,No,7771,9576,892,6886
Weak,Outgoing,IT,Redbrick,Yes,2199,7408,8022,1796
Excellent,Shy,CS,BYU,No,6840,3279,2462,7909
OK,Confident,IT,PJIT,Yes,3319,7564,6171,450
Weak,Nerdy,CS,BestCollege,No,2255,3251,1013,6487
Weak,Shy,CS,BestCollege,No,655,6525,3262,6942
Excellent,Confident,IT,Peters,Yes,8255,2784,2828,6906
Excellent,Outgoing,DataScience,Peters,Yes,3877,1423,7038,793
OK,Nerdy,CS,BYU,No,8073,7159,3098,5623
OK,Outgoing,IT,BestCollege,No,3685,7010,52,2695
OK,Outgoing,CS,Redbrick,No,6493,8545,5721,3208
Weak,Confident,IT,BYU,No,736,9521,807,402
OK,Outgoing,IT,PJIT,Yes,720,3815,5198,3273
OK,Outgoing,DataScience,BYU,Yes,6823,9659,8248,6070
Weak,Shy,CS,BestCollege,No,5259,3471,482,3825
Weak,Outgoing,CS,BestCollege,Yes,9417,3351,1792,2584
Excellent,Confident,DataScience,Peters,No,627,8919,7972,4192
Excellent,Nerdy,DataScience,BestCollege,No,8071,2792,440,7137
OK,Confident,DataScience,BestCollege,Yes,1388,9886,7540,3729
Excellent,Shy,CS,BestCollege,Yes,843,7913,9884,3806
Weak,Confident,CS,BYU,No,5232,7330,1127,8616
Weak,Nerdy,CS,Peters,No,4227,4644,2805,8589
Excellent,Nerdy,DataScience,BestCollege,Yes,9230,6600,8992,7785
Weak,Confident,DataScience,BestCollege,No,6827,7782,820,3184
Weak,Shy,IT,Peters,No,997,6329,1941,5852
OK,Confident,Stats,Peters,Yes,1757,108,9297,7451
OK,Shy,Stats,PJIT,Yes,1105,6453,5662,643
OK,Confident,DataScience,PJIT,No,1087,1319,1845,9845
Weak,Shy,CS,Redbrick,No,5003,9254,7586,4035
OK,Confident,IT,BestCollege,Yes,7092,2867,6213,7724
OK,Nerdy,CS,Redbrick,Yes,3484,5127,5061,2966
Weak,Nerdy,IT,BestCollege,Yes,8439,1642,9637,4793
OK,Confident,DataScience,BestCollege,No,1310,663,417,7034
Weak,Outgoing,Stats,BYU,No,7364,6816,4416,5632
Excellent,Outgoing,IT,PJIT,Yes,7952,3094,2704,134
OK,Nerdy,Stats,BYU,No,5692,3996,9828,3074
OK,Outgoing,DataScience,Peters,No,2436,2568,575,6352
Excellent,Shy,CS,BYU,Yes,7922,367,5933,2364
OK,Confident,Stats,BYU,Yes,2882,3483,9340,474
Weak,Shy,CS,BestCollege,No,8547,9975,5381,6118
OK,Outgoing,Stats,BYU,Yes,6028,1078,8907,1945
Excellent,Outgoing,CS,Peters,No,2871,2908,5441,6860
Excellent,Nerdy,IT,Peters,No,6143,9607,4682,9148
Excellent,Shy,IT,BYU,Yes,5847,554,4789,1026
Excellent,Outgoing,DataScience,BYU,Yes,4336,4152,9215,4039
OK,Nerdy,DataScience,Peters,No,6601,8384,372,3885
Excellent,Outgoing,Stats,Redbrick,Yes,4891,4998,5597,9819
Weak,Confident,DataScience,PJIT,Yes,8798,8702,7400,4312
OK,Nerdy,Stats,PJIT,No,4882,2727,1809,9859
Weak,Confident,Stats,BestCollege,No,671,193,5149,3732
Excellent,Confident,Stats,Peters,Yes,1477,469,9451,4675
Excellent,Nerdy,CS,BYU,Yes,9306,964,3208,1190
Excellent,Nerdy,DataScience,BestCollege,No,8517,8742,519,3099
Weak,Outgoing,IT,Peters,No,1879,1398,6960,1305
OK,Nerdy,CS,Peters,Yes,7692,6198,82,759
Excellent,Confident,Stats,PJIT,No,3930,4826,280,5587
Weak,Outgoing,DataScience,PJIT,No,1261,7164,5579,4946
Weak,Shy,IT,BestCollege,No,2378,9029,9535,7471
Excellent,Outgoing,Stats,Redbrick,No,3655,2396,130,7853
Excellent,Shy,IT,Redbrick,Yes,3556,6939,5562,834
Weak,Nerdy,DataScience,PJIT,No,6899,9920,4364,9671
Weak,Nerdy,CS,Peters,No,1579,3358,6299,9705
Excellent,Shy,DataScience,BYU,Yes,2269,5263,5620,1751
Excellent,Confident,DataScience,Redbrick,Yes,3588,8686,8098,2409
OK,Outgoing,CS,Peters,No,8122,7208,1738,9534
OK,Nerdy,CS,BYU,No,3316,2174,949,3077
Excellent,Confident,CS,Redbrick,Yes,2569,836,9343,4102
Weak,Shy,Stats,BestCollege,No,4345,7523,4602,3172
Weak,Nerdy,IT,BYU,Yes,1296,1795,1087,6108
Weak,Outgoing,DataScience,Peters,No,5908,767,7245,2227
Excellent,Confident,DataScience,Peters,Yes,9958,8525,6999,6980
Excellent,Nerdy,DataScience,BYU,Yes,1865,7135,6508,5505
Weak,Shy,DataScience,BestCollege,Yes,9516,653,2980,7454
OK,Confident,CS,Redbrick,Yes,6947,566,658,359
Weak,Outgoing,IT,Peters,No,541,828,391,4992
Weak,Shy,DataScience,BestCollege,No,4834,7277,7757,5743
Excellent,Nerdy,Stats,PJIT,Yes,4360,2113,8132,4309
OK,Nerdy,Stats,PJIT,Yes,7918,5545,3954,5862
Excellent,Confident,DataScience,BestCollege,Yes,6909,2416,1951,2008
OK,Nerdy,CS,Redbrick,Yes,2266,1687,7324,9185
Excellent,Shy,DataScience,BestCollege,Yes,7970,7554,8015,3746
Excellent,Shy,IT,Redbrick,No,1496,8116,4291,9273
Excellent,Confident,IT,BestCollege,Yes,6524,8287,8467,2403
Weak,Nerdy,Stats,PJIT,No,984,5852,7283,8430
OK,Outgoing,CS,Peters,Yes,7708,2028,9588,1924
OK,Outgoing,Stats,Redbrick,No,4510,1851,4516,8005
Weak,Nerdy,CS,Redbrick,No,8383,8025,3240,4034
Excellent,Shy,DataScience,PJIT,Yes,2306,3038,9496,4398
OK,Outgoing,DataScience,Redbrick,Yes,1665,9405,9275,1776
Weak,Outgoing,Stats,PJIT,No,2052,4461,233,7303
OK,Confident,DataScience,BestCollege,No,5377,7920,1910,7053
Weak,Confident,CS,BestCollege,Yes,2952,8394,9988,1224
Weak,Outgoing,CS,BestCollege,Yes,570,2093,9913,4037
OK,Nerdy,IT,Peters,Yes,193,353,6401,2310
Excellent,Nerdy,IT,Peters,Yes,1341,6527,8286,4331
OK,Nerdy,CS,BestCollege,No,2990,1006,3023,7258
Excellent,Confident,CS,BYU,Yes,2855,832,8109,4026
OK,Outgoing,IT,BestCollege,Yes,3490,8434,5768,1991
Weak,Outgoing,Stats,PJIT,No,1043,1459,7944,4237
Weak,Confident,IT,Peters,No,3793,22,5691,4473
Excellent,Outgoing,CS,BestCollege,Yes,7546,3498,4205,2407
Excellent,Confident,Stats,Redbrick,Yes,9822,7240,2850,573
Excellent,Nerdy,Stats,BestCollege,Yes,4603,405,6881,1791
Excellent,Outgoing,DataScience,BestCollege,No,4763,5495,7831,6443
Excellent,Outgoing,IT,Peters,No,1709,7215,3696,2121
Excellent,Nerdy,DataScience,Peters,No,1899,5619,2550,1690
Weak,Confident,CS,BestCollege,No,1001,5239,8262,8498
Excellent,Confident,Stats,Peters,Yes,4157,8439,6144,2150
Weak,Nerdy,Stats,PJIT,No,3350,3432,6456,4304
Excellent,Shy,CS,Redbrick,No,4919,2346,3560,8340
Weak,Confident,DataScience,BYU,No,4488,5194,5763,7820
Excellent,Outgoing,IT,BYU,Yes,358,1438,4016,466
OK,Outgoing,IT,PJIT,Yes,9365,8384,6206,9318
Excellent,Shy,Stats,BestCollege,Yes,8633,7369,5566,708
OK,Shy,IT,BYU,Yes,9198,7496,6853,2157
Excellent,Shy,Stats,Peters,No,2156,5212,4415,7685
OK,Confident,CS,Peters,No,1768,1437,982,6541
Weak,Outgoing,IT,Peters,No,2952,4737,1853,2839
Excellent,Outgoing,Stats,Peters,No,3081,4915,963,524
Weak,Confident,Stats,PJIT,No,4383,1533,663,791
Weak,Confident,DataScience,PJIT,No,2053,884,7559,4514
Weak,Nerdy,IT,Peters,No,8882,5714,96,6965
OK,Nerdy,CS,BYU,Yes,4734,533,2714,5148
Excellent,Confident,DataScience,BYU,Yes,5782,8674,7272,5357
Weak,Shy,Stats,Peters,No,5036,9920,4210,3520
OK,Nerdy,CS,PJIT,No,1399,5901,2356,184
OK,Confident,Stats,BestCollege,No,846,3348,32,1086
Excellent,Confident,DataScience,BestCollege,No,359,671,7002,9226
OK,Shy,IT,BYU,Yes,4301,9929,5858,9858
OK,Confident,IT,PJIT,Yes,3812,318,2629,2680
OK,Shy,DataScience,Peters,Yes,3888,1559,8417,6826
OK,Nerdy,IT,BYU,No,3632,5606,288,8112
OK,Confident,DataScience,Redbrick,Yes,3377,1980,9672,9060
Weak,Shy,CS,PJIT,No,4627,6138,6848,4627
OK,Nerdy,IT,Peters,Yes,63,7206,6766,7580
Weak,Shy,IT,BestCollege,No,466,471,4261,3958
Excellent,Outgoing,IT,PJIT,Yes,7542,6633,2034,2888
Excellent,Shy,CS,Redbrick,Yes,7079,3224,9871,7252
Weak,Nerdy,CS,Redbrick,Yes,5896,5344,8402,3789
OK,Shy,IT,Peters,Yes,9710,9851,5966,1074
Excellent,Shy,IT,BYU,Yes,6103,9893,5769,7920
Weak,Nerdy,CS,BYU,No,1260,1170,1410,8987
Weak,Nerdy,IT,Peters,No,4793,2460,319,1888
Excellent,Confident,Stats,PJIT,Yes,5430,1010,5650,6960
Excellent,Confident,CS,BYU,No,62,4674,319,9870
Weak,Nerdy,Stats,PJIT,No,5907,761,7542,8000
Weak,Nerdy,Stats,Redbrick,No,5135,5755,717,6983
Weak,Confident,Stats,BestCollege,Yes,3924,7001,8868,3451
Excellent,Shy,CS,Redbrick,No,4385,8720,4791,7805
OK,Outgoing,Stats,Peters,Yes,8136,3387,6369,7079
Excellent,Confident,IT,Redbrick,Yes,2933,3201,6469,7619
OK,Confident,CS,Peters,Yes,2190,3870,5004,4620
Weak,Outgoing,IT,Redbrick,No,1920,3285,5426,6939
Weak,Nerdy,DataScience,Redbrick,Yes,6488,2637,7958,7578
Excellent,Confident,CS,Peters,No,8261,8226,1374,1741
Weak,Nerdy,DataScience,PJIT,Yes,9316,7094,5041,187
Excellent,Confident,CS,Redbrick,No,9936,5903,400,7780
Weak,Shy,IT,Redbrick,Yes,1630,5514,9909,3945
OK,Confident,Stats,BYU,Yes,5675,7600,3482,983
Excellent,Confident,CS,Redbrick,Yes,6784,7643,8033,183
Weak,Nerdy,Stats,Peters,No,6760,7240,2461,6392
OK,Outgoing,CS,Peters,Yes,7798,1456,9766,5001
OK,Nerdy,Stats,BYU,No,8,8174,3026,158
Weak,Shy,DataScience,PJIT,Yes,3587,7169,2862,9008
Excellent,Nerdy,IT,Peters,Yes,5614,5829,667,863
Weak,Nerdy,Stats,Redbrick,Yes,5118,2415,8461,4917
Weak,Nerdy,CS,BYU,No,5299,5867,4966,2180
Weak,Outgoing,Stats,PJIT,Yes,6085,81,8205,3119
Weak,Confident,CS,Peters,No,1084,8716,109,6734
Weak,Shy,DataScience,Peters,No,6142,6930,4188,1637
Excellent,Shy,CS,Peters,No,5528,5586,398,3662
OK,Nerdy,CS,BestCollege,No,8427,8517,432,8619
Excellent,Confident,IT,BestCollege,Yes,5992,7294,6473,6763
Excellent,Nerdy,IT,BestCollege,Yes,2584,1856,8044,4334
Excellent,Nerdy,Stats,BestCollege,Yes,8169,789,7046,4678
Excellent,Outgoing,CS,Peters,Yes,5992,6822,5326,593
OK,Nerdy,IT,BestCollege,Yes,9754,3838,7827,8117
Weak,Outgoing,DataScience,Redbrick,No,326,9985,8477,692
Weak,Nerdy,IT,BYU,Yes,9723,6723,5545,5877
Excellent,Confident,DataScience,BestCollege,Yes,9773,268,3634,4641
Excellent,Outgoing,CS,BestCollege,Yes,8703,9760,6220,8528
OK,Shy,Stats,Peters,No,6840,5589,1583,5821
OK,Shy,IT,BYU,No,6872,6028,3312,7360
OK,Shy,Stats,PJIT,No,859,6523,4467,920
OK,Shy,Stats,Redbrick,Yes,9147,811,773,7008
OK,Confident,IT,BYU,No,7529,9757,2387,5940
Weak,Nerdy,DataScience,BYU,No,328,7321,753,5753
OK,Confident,CS,Peters,Yes,5526,9052,9720,5571
Excellent,Shy,CS,Peters,Yes,6671,4181,4463,5902
Weak,Confident,IT,Peters,No,2615,4668,6039,7062
Excellent,Outgoing,IT,BYU,Yes,8508,3249,6942,8356
Weak,Confident,IT,BYU,No,4501,9406,5583,5895
OK,Outgoing,DataScience,PJIT,Yes,8205,3386,457,4866
Excellent,Confident,IT,BYU,Yes,4100,3500,3358,1908
Weak,Nerdy,DataScience,BestCollege,No,2753,8254,4727,2776
Weak,Nerdy,DataScience,BYU,Yes,8315,3355,8638,1570
Weak,Shy,DataScience,PJIT,No,2772,649,5587,3696
Weak,Confident,IT,Redbrick,No,7024,9970,2312,1424
Excellent,Outgoing,CS,BestCollege,Yes,9233,5255,6947,3933
Excellent,Outgoing,Stats,BYU,Yes,9941,371,998,9134
Weak,Shy,CS,PJIT,No,2898,1685,91,4902
OK,Shy,DataScience,Redbrick,Yes,3047,5306,5130,9222
Weak,Confident,Stats,Redbrick,No,8599,6843,1515,4343
OK,Outgoing,Stats,BestCollege,No,3128,897,426,5803
OK,Nerdy,CS,Peters,Yes,2093,9436,5043,5510
Weak,Shy,Stats,BestCollege,Yes,9358,791,5131,6929
Weak,Confident,Stats,Peters,No,1720,8713,2486,1910
Weak,Confident,DataScience,Peters,No,1659,5619,2434,4135
Excellent,Confident,DataScience,PJIT,No,6397,8793,1506,1152
Weak,Outgoing,CS,PJIT,Yes,2810,3841,8893,3696
Weak,Nerdy,CS,BYU,No,1404,8477,6426,4934
Excellent,Nerdy,Stats,PJIT,Yes,7499,7091,3127,114
Excellent,Confident,DataScience,PJIT,No,179,2408,3084,2834
OK,Confident,IT,Redbrick,No,4291,9551,634,2682
Weak,Nerdy,IT,BestCollege,No,9409,4358,3045,9338
Weak,Shy,IT,PJIT,No,5937,3017,5337,6797
OK,Outgoing,CS,BestCollege,Yes,6138,2454,4344,783
Excellent,Confident,Stats,PJIT,Yes,2126,7366,8007,6099
OK,Confident,Stats,Redbrick,Yes,4041,3604,3896,2042
OK,Shy,IT,PJIT,No,3005,2243,638,2069
OK,Outgoing,Stats,PJIT,No,7094,8251,6889,7699
Weak,Nerdy,Stats,PJIT,No,2656,1513,1798,8952
Excellent,Confident,DataScience,BYU,Yes,9662,285,1440,312
Excellent,Nerdy,Stats,PJIT,No,1113,6913,1214,433
Excellent,Confident,Stats,PJIT,Yes,9180,5231,6258,627
Excellent,Shy,Stats,Peters,No,1453,1275,1015,6571
Weak,Shy,DataScience,PJIT,No,4360,5761,3383,8660
Weak,Outgoing,CS,Redbrick,No,957,6303,1480,955
OK,Shy,IT,BestCollege,Yes,563,1463,9274,3627
OK,Nerdy,DataScience,Redbrick,No,926,4633,4659,7141
OK,Outgoing,IT,PJIT,No,5230,7454,4003,7586
Excellent,Nerdy,DataScience,BYU,No,1688,4600,495,6945
Excellent,Outgoing,DataScience,BYU,No,6444,4203,634,5994
Weak,Confident,DataScience,BestCollege,No,3050,4856,6043,7150
Excellent,Shy,IT,Peters,No,3241,2954,2942,7312
OK,Shy,DataScience,BYU,No,1808,5033,6335,2552
Weak,Outgoing,CS,BestCollege,No,3275,5440,5159,8022
Weak,Outgoing,Stats,Redbrick,Yes,9222,3101,613,1663
OK,Nerdy,CS,Redbrick,Yes,9485,6426,5126,662
Excellent,Nerdy,CS,PJIT,No,3258,141,3866,7614
OK,Outgoing,IT,Peters,Yes,231,9936,8757,7444
OK,Confident,Stats,Peters,Yes,4489,2943,3658,1392
Weak,Shy,CS,Peters,No,6019,4570,2313,4356
Weak,Nerdy,CS,BYU,No,2725,7657,7029,7356
OK,Outgoing,CS,BYU,Yes,6261,9518,6496,9867
OK,Confident,Stats,BYU,Yes,9268,7832,6782,1053
Excellent,Nerdy,DataScience,Redbrick,Yes,5673,11,6022,7421
OK,Nerdy,Stats,BestCollege,No,788,3101,7707,228
Weak,Shy,IT,BestCollege,No,1980,3214,923,5972
Weak,Outgoing,IT,Peters,No,1800,2879,2353,6139
OK,Outgoing,IT,Peters,Yes,5334,7900,9357,8311
OK,Nerdy,Stats,Redbrick,No,2080,6277,3726,3626
Excellent,Outgoing,Stats,PJIT,No,3860,7445,764,859
Weak,Nerdy,IT,PJIT,No,9400,3716,5916,4779
Weak,Outgoing,Stats,BYU,No,519,5144,2938,9181
Weak,Confident,DataScience,Peters,No,2893,6464,427,3420
Excellent,Confident,Stats,Redbrick,No,419,8152,3631,250
Excellent,Confident,Stats,PJIT,Yes,8095,7452,8126,7990
Excellent,Shy,DataScience,Redbrick,Yes,9905,1332,4797,4688
Excellent,Outgoing,IT,PJIT,No,8612,7613,432,2368
Excellent,Nerdy,DataScience,Peters,Yes,5639,4181,8927,778
Excellent,Outgoing,CS,Peters,Yes,4257,5466,9128,959
Excellent,Nerdy,CS,Redbrick,No,2122,5543,522,5219
Excellent,Nerdy,DataScience,PJIT,Yes,7255,1013,3780,979
Excellent,Nerdy,CS,BYU,No,5396,7889,9731,8994
Weak,Outgoing,CS,Peters,Yes,7378,3452,9227,6144
Excellent,Nerdy,Stats,Redbrick,No,1022,1467,2377,1089
Weak,Shy,Stats,Redbrick,Yes,2325,4504,9931,7298
Weak,Shy,DataScience,BYU,No,2675,8118,1866,3188
OK,Confident,IT,BestCollege,No,4332,4341,3909,5748
Weak,Shy,DataScience,BestCollege,No,1387,2604,4129,9005
Excellent,Nerdy,CS,Peters,No,3116,7406,3891,3048
Weak,Outgoing,IT,BYU,Yes,9832,7384,7597,4669
Weak,Confident,CS,PJIT,No,569,920,7700,3342
Weak,Shy,DataScience,Redbrick,No,5837,5760,197,7579
Weak,Shy,DataScience,BestCollege,No,1772,1831,3399,2461
Excellent,Shy,CS,BYU,Yes,2329,1324,4929,2472
Weak,Confident,Stats,Peters,No,5229,9323,3727,3179
OK,Nerdy,CS,Peters,No,5340,4360,3866,9564
Excellent,Outgoing,IT,BestCollege,Yes,1282,3684,9032,5204
OK,Outgoing,Stats,BYU,Yes,6355,4026,4806,682
Excellent,Confident,IT,BYU,No,1566,2335,3780,5756
OK,Confident,CS,Redbrick,No,5164,6093,341,3168
OK,Shy,CS,BestCollege,Yes,9167,4938,3866,7356
Weak,Confident,IT,Redbrick,No,5588,9045,1057,5952
OK,Nerdy,Stats,BYU,Yes,7528,3023,2495,4706
Excellent,Outgoing,IT,BYU,Yes,2504,4262,9469,2047
OK,Confident,Stats,Redbrick,No,7508,6094,702,5569
OK,Shy,CS,BestCollege,No,8594,9576,5361,4893
Excellent,Shy,IT,Redbrick,Yes,2777,457,9714,4115
OK,Shy,IT,PJIT,No,3780,8536,4561,5333
Weak,Confident,DataScience,BYU,Yes,525,1454,2314,7358
OK,Shy,DataScience,Redbrick,No,8789,5515,3416,9308
OK,Outgoing,Stats,BYU,Yes,1476,302,4344,509
Weak,Nerdy,DataScience,BYU,No,4865,5776,4954,2214
OK,Confident,CS,PJIT,No,3445,5505,1536,3354
Weak,Nerdy,Stats,BestCollege,No,6143,920,7950,7612
Excellent,Shy,DataScience,Redbrick,Yes,7591,8390,6812,1529
Excellent,Shy,CS,PJIT,No,1862,8234,3103,920
Excellent,Outgoing,DataScience,Redbrick,Yes,1513,2303,5485,4931
Weak,Confident,Stats,Peters,No,1277,7548,5644,5470
Excellent,Confident,DataScience,Redbrick,Yes,8879,212,6809,5505
Excellent,Outgoing,CS,Redbrick,No,876,7588,165,7169
Weak,Nerdy,CS,BYU,Yes,8835,6291,9874,8787
OK,Nerdy,CS,Redbrick,Yes,9204,5858,3125,244
Weak,Confident,IT,BestCollege,Yes,8979,1822,1985,5905
Weak,Confident,DataScience,Redbrick,No,451,4390,101,2356
Excellent,Confident,DataScience,BestCollege,Yes,9245,153,6953,9113
Excellent,Nerdy,IT,BYU,Yes,7071,7560,5631,1615
OK,Shy,IT,PJIT,Yes,8587,3687,8338,8948
OK,Outgoing,IT,Peters,Yes,3430,4086,1782,41
Excellent,Shy,Stats,BYU,No,6193,4227,2935,8655
OK,Shy,DataScience,BYU,No,4045,6000,2050,3171
Excellent,Shy,IT,Peters,No,2792,8480,3800,8316
OK,Outgoing,CS,BestCollege,No,4612,5704,1806,5438
Excellent,Confident,CS,BestCollege,Yes,6196,359,7830,1342
Weak,Nerdy,IT,PJIT,No,833,8768,5432,262
Weak,Shy,Stats,BestCollege,Yes,9097,7912,8910,8637
Excellent,Shy,IT,Redbrick,Yes,6253,5074,4046,990
OK,Nerdy,DataScience,BYU,Yes,6148,1773,5156,4205
OK,Outgoing,Stats,BestCollege,Yes,9864,9734,7786,6809
Weak,Shy,Stats,Redbrick,No,5073,3035,6395,947
Weak,Confident,CS,Peters,No,2493,8060,2322,1170
OK,Shy,Stats,BestCollege,No,139,9306,9808,7021
Weak,Nerdy,CS,BYU,Yes,3072,2855,9753,6378
OK,Outgoing,CS,BYU,Yes,8386,1794,3564,7515
OK,Confident,DataScience,PJIT,No,1709,511,3704,9054
Weak,Confident,CS,BYU,No,6931,31,4733,8147
OK,Outgoing,CS,PJIT,No,443,3663,2225,6427
Weak,Confident,IT,BestCollege,No,2971,7879,2275,7808
OK,Confident,CS,Redbrick,No,4243,719,1870,4412
Excellent,Shy,Stats,PJIT,No,3176,3595,2088,9432
OK,Shy,DataScience,Peters,Yes,8658,8427,9020,3893
OK,Nerdy,Stats,BestCollege,No,249,6507,8016,4605
OK,Confident,Stats,Redbrick,No,254,9462,1993,9142
Weak,Outgoing,Stats,PJIT,No,4562,8616,9433,9235
Weak,Confident,DataScience,BestCollege,No,2440,4713,5888,5500
Excellent,Nerdy,CS,Peters,Yes,9731,1404,55,2743
Excellent,Outgoing,IT,PJIT,Yes,3401,8588,9954,532
Weak,Shy,IT,Redbrick,Yes,8663,5532,4957,4937
Excellent,Nerdy,Stats,Peters,Yes,5093,6037,9291,3130
Weak,Confident,CS,Peters,No,1471,8627,766,8037
Excellent,Nerdy,DataScience,Redbrick,Yes,4060,8136,8004,4120
Weak,Nerdy,DataScience,BYU,No,2353,9720,3666,7950
Excellent,Confident,DataScience,BestCollege,No,8217,8004,3030,3348
Weak,Nerdy,DataScience,BestCollege,Yes,4439,6562,8644,2624
Excellent,Confident,Stats,Peters,Yes,2614,9291,5964,4690
Weak,Confident,Stats,Peters,Yes,4608,9631,8796,2776
Excellent,Nerdy,Stats,BYU,Yes,2128,5643,5541,5473
Weak,Outgoing,CS,BYU,No,1218,4889,3392,4564
OK,Outgoing,Stats,BYU,Yes,4860,1831,9983,1987
Weak,Nerdy,CS,BestCollege,No,8582,8944,4940,4707
OK,Outgoing,CS,PJIT,No,762,7691,1224,7476
Weak,Confident,CS,BestCollege,Yes,9337,9611,9848,3784
OK,Confident,Stats,BestCollege,No,9139,7265,906,6292
Weak,Shy,DataScience,PJIT,No,4256,3646,5686,1407
Weak,Confident,CS,BestCollege,Yes,7390,3363,9012,6183
OK,Nerdy,CS,PJIT,No,7848,6540,7436,8769
OK,Shy,IT,Peters,No,5616,7070,363,150
OK,Shy,CS,BYU,Yes,2461,8154,5582,6477
Excellent,Confident,Stats,PJIT,Yes,466,4591,9023,3010
Excellent,Confident,CS,Peters,Yes,8371,9863,8010,6896
OK,Shy,Stats,BYU,No,1051,6014,2575,7931
Excellent,Confident,Stats,Peters,Yes,8225,9382,3523,2266
Weak,Outgoing,CS,BestCollege,Yes,1880,483,9447,7796
Excellent,Outgoing,Stats,BestCollege,Yes,7497,6175,6677,3947
Excellent,Nerdy,CS,Peters,Yes,8632,516,1579,4
Weak,Outgoing,DataScience,BestCollege,No,7298,6067,2323,9609
Excellent,Shy,Stats,Peters,No,7048,1953,1983,7938
Weak,Nerdy,CS,PJIT,No,7895,7248,1168,4732
Weak,Confident,IT,Redbrick,No,3742,4450,1956,8589
Weak,Nerdy,DataScience,Redbrick,Yes,9158,2798,2424,600
OK,Nerdy,DataScience,PJIT,Yes,4971,2175,9471,6883
Excellent,Outgoing,Stats,BYU,No,1548,8110,7099,295
Weak,Outgoing,DataScience,BYU,No,6039,6115,8047,1815
Weak,Confident,DataScience,BYU,No,8888,7661,2728,9963
Excellent,Shy,CS,PJIT,Yes,2020,8948,8948,4636
OK,Outgoing,CS,Redbrick,No,5427,3782,1647,5497
OK,Shy,CS,Peters,Yes,1057,2715,6885,3642
Weak,Shy,CS,Peters,No,1454,6351,779,7412
OK,Outgoing,Stats,Redbrick,Yes,7550,3183,4593,1898
OK,Outgoing,CS,Peters,Yes,9406,8649,8508,9241
Weak,Nerdy,DataScience,PJIT,Yes,9150,2059,329,3039
Weak,Shy,Stats,Redbrick,Yes,8474,6480,4365,6266
Weak,Nerdy,DataScience,BYU,No,6194,2987,3461,956
Weak,Outgoing,IT,Redbrick,No,6921,965,1672,6015
Excellent,Shy,CS,Peters,Yes,8353,6102,5755,4220
Excellent,Confident,CS,Redbrick,Yes,270,1727,5487,8240
Weak,Outgoing,IT,PJIT,No,2213,4273,5525,3422
OK,Shy,IT,PJIT,No,6095,4466,885,6107
OK,Shy,CS,BestCollege,Yes,2906,5521,9719,1639
Weak,Nerdy,DataScience,PJIT,No,7514,6649,5185,5560
Excellent,Nerdy,DataScience,BestCollege,Yes,5089,4908,8844,6746
Excellent,Outgoing,IT,BestCollege,No,8335,4769,664,6469
Weak,Outgoing,IT,BYU,No,6218,5488,836,2864
Weak,Shy,DataScience,BestCollege,No,2370,6781,1548,5177
Weak,Outgoing,CS,BYU,No,2701,5697,169,1109
Weak,Nerdy,Stats,BestCollege,Yes,6282,6638,9754,4925
OK,Nerdy,DataScience,BYU,Yes,8363,1650,2339,8113
OK,Shy,Stats,PJIT,No,1496,2784,4013,8249
Weak,Confident,IT,BYU,Yes,9140,452,5363,726
OK,Nerdy,IT,Peters,Yes,8405,4896,392,1993
Weak,Nerdy,CS,PJIT,No,0,6798,4362,6405
Excellent,Confident,DataScience,Peters,Yes,6012,3320,9588,6190
Weak,Outgoing,IT,BYU,No,3236,7289,3489,3379
Weak,Shy,CS,PJIT,No,7494,4460,3999,3319
Excellent,Confident,Stats,PJIT,No,5888,6691,1898,3510
Excellent,Confident,CS,BYU,Yes,4773,1934,5851,6707
Excellent,Shy,CS,BestCollege,No,7650,2944,165,6699
OK,Shy,Stats,Peters,Yes,1478,7932,7438,2355
OK,Nerdy,IT,Redbrick,Yes,5574,8748,6350,3889
Weak,Nerdy,IT,Redbrick,Yes,1677,405,5452,6196
OK,Shy,CS,BYU,Yes,3363,4234,9239,1183
OK,Nerdy,CS,BestCollege,Yes,8266,79,5559,8004
Excellent,Confident,CS,Peters,No,5252,3680,1468,6048
Weak,Outgoing,DataScience,BYU,No,1185,2783,3043,6180
OK,Nerdy,Stats,BYU,Yes,4737,1734,1006,2832
OK,Confident,IT,Peters,No,4916,1311,1845,8813
Excellent,Confident,DataScience,Peters,Yes,6438,6311,6101,3244
OK,Outgoing,Stats,Peters,Yes,3597,2185,9433,2670
OK,Nerdy,CS,BYU,No,36,8614,1438,1213
Weak,Shy,CS,BYU,Yes,968,8899,1461,7838
Weak,Nerdy,Stats,BYU,Yes,3874,4718,9278,6260
Weak,Confident,Stats,Peters,No,6626,5494,663,1247
Weak,Confident,DataScience,BYU,No,9282,1780,431,8110
Weak,Confident,CS,Peters,No,4628,6863,570,1486
Excellent,Outgoing,CS,Peters,No,6171,3916,2353,5827
OK,Confident,DataScience,Peters,No,8200,6152,65,9389
Excellent,Confident,CS,PJIT,Yes,1650,180,8868,8394
Excellent,Nerdy,CS,BYU,Yes,4155,8527,8843,9007
OK,Shy,IT,BYU,Yes,6727,7693,5851,2068
OK,Outgoing,CS,Peters,No,7483,6536,4687,9836
Weak,Confident,DataScience,BestCollege,No,6649,4415,6761,5326
Weak,Shy,Stats,Redbrick,Yes,7119,4565,9306,8046
OK,Nerdy,IT,Peters,Yes,6419,8045,5913,1847
Excellent,Outgoing,DataScience,BYU,No,8769,8235,2695,5462
Excellent,Confident,Stats,BYU,No,3219,7275,1599,8633
Excellent,Nerdy,DataScience,Peters,No,8554,5389,277,7903
OK,Outgoing,IT,Redbrick,Yes,8907,2868,3969,9540
Weak,Confident,CS,Redbrick,Yes,7924,1151,8341,4341
Excellent,Nerdy,Stats,PJIT,Yes,4003,4357,7795,9020
OK,Confident,CS,Peters,No,526,7707,1737,2519
OK,Confident,CS,Redbrick,Yes,4101,2788,5936,6085
OK,Confident,IT,BYU,Yes,9245,4058,9361,3198
Weak,Outgoing,DataScience,BYU,No,5161,9610,2673,8272
Excellent,Confident,DataScience,Redbrick,Yes,4466,9983,3658,9459
Weak,Outgoing,IT,BestCollege,No,2385,7676,8055,2984
Weak,Shy,DataScience,Peters,No,6034,1752,2496,6818
Weak,Shy,CS,Peters,Yes,396,5080,9550,4699
Weak,Nerdy,CS,Redbrick,No,1175,6897,1343,5657
OK,Shy,CS,Peters,Yes,5558,7164,8041,9987
OK,Shy,Stats,BestCollege,Yes,9691,1934,9892,385
OK,Confident,CS,BYU,Yes,5210,7665,5252,9379
Weak,Outgoing,Stats,PJIT,No,2795,6774,7132,8732
Excellent,Shy,IT,Peters,Yes,1869,974,8461,6217
OK,Nerdy,DataScience,BestCollege,No,5508,2258,7176,8937
Excellent,Shy,IT,BestCollege,No,6792,9682,5320,8534
OK,Confident,IT,Redbrick,Yes,1771,1179,5508,1737
OK,Outgoing,IT,PJIT,No,1210,8138,3832,1735
Weak,Outgoing,CS,Redbrick,Yes,7994,1059,6154,5742
Weak,Outgoing,Stats,Redbrick,No,889,4135,8237,9544
Excellent,Confident,IT,BYU,No,4831,1994,2596,7575
OK,Nerdy,DataScience,PJIT,Yes,3943,4670,3271,712
OK,Outgoing,DataScience,BYU,No,1243,4534,3464,7593
Weak,Shy,Stats,Redbrick,Yes,9037,3026,9332,9961
Weak,Confident,DataScience,BestCollege,Yes,5567,3928,7960,3643
Excellent,Outgoing,DataScience,PJIT,Yes,2903,3563,7600,5026
Weak,Outgoing,DataScience,Redbrick,Yes,9767,6509,8510,1491
Weak,Shy,CS,PJIT,Yes,9903,2973,8048,4912
Weak,Outgoing,IT,BYU,No,8330,6953,5348,9144
Excellent,Outgoing,Stats,Peters,Yes,5288,2671,6461,7922
OK,Nerdy,DataScience,BYU,Yes,4136,6128,3977,754
Weak,Nerdy,DataScience,Redbrick,Yes,636,1324,8911,652
Excellent,Shy,Stats,PJIT,No,655,4469,1874,7927
Excellent,Shy,Stats,BestCollege,Yes,940,3269,9027,3968
OK,Shy,IT,Redbrick,Yes,6314,6490,6531,415
OK,Nerdy,Stats,BYU,No,6709,6464,1441,7762
Excellent,Outgoing,CS,Redbrick,No,5367,8883,3585,6932
OK,Outgoing,IT,BestCollege,No,2584,3005,2552,4776
OK,Confident,Stats,Redbrick,Yes,6443,810,263,5598
OK,Nerdy,DataScience,BYU,No,2292,1842,941,6493
OK,Confident,Stats,Peters,Yes,544,7459,7739,9208
OK,Shy,IT,BestCollege,No,1014,3739,7269,2034
OK,Nerdy,DataScience,PJIT,No,1413,5783,2047,5997
Weak,Outgoing,CS,BestCollege,Yes,9189,3850,7934,256
Excellent,Shy,CS,PJIT,No,1293,4088,599,3183
Excellent,Confident,CS,Redbrick,Yes,3330,3776,6497,6869
Excellent,Nerdy,IT,BestCollege,No,6415,970,6407,1914
Excellent,Shy,IT,PJIT,No,7977,8621,5102,8336
Excellent,Confident,DataScience,Redbrick,No,7526,5122,433,7601
Weak,Nerdy,Stats,BYU,No,3018,9360,4387,3589
Weak,Confident,Stats,Peters,Yes,9778,1426,2907,8895
Weak,Outgoing,IT,BYU,Yes,8854,8114,7537,5327
OK,Outgoing,IT,Redbrick,No,2850,3545,3527,4124
Weak,Confident,Stats,BestCollege,No,4992,5888,2070,8436
Excellent,Shy,CS,Redbrick,Yes,6993,2573,2761,4333
Excellent,Shy,Stats,BYU,No,2183,442,4458,7135
Weak,Outgoing,IT,BestCollege,No,6771,4490,3692,4781
Weak,Confident,Stats,Peters,Yes,7669,7186,8860,7692
Weak,Confident,DataScience,Peters,Yes,9469,3693,5638,4091
Weak,Nerdy,IT,Redbrick,No,2344,4195,4695,6181
Weak,Nerdy,Stats,Redbrick,No,243,7136,2202,2024
OK,Confident,CS,PJIT,Yes,4339,5147,9598,4876
Weak,Nerdy,Stats,BestCollege,No,3635,1000,3323,4874
OK,Outgoing,Stats,BestCollege,Yes,4216,292,4167,2592
OK,Nerdy,Stats,Redbrick,Yes,4379,758,5949,7010
Excellent,Confident,CS,Peters,Yes,5002,6485,8225,8279
OK,Confident,DataScience,Redbrick,Yes,6958,2433,3352,4898
Excellent,Outgoing,CS,BestCollege,Yes,7418,488,7123,4949
OK,Outgoing,IT,Redbrick,Yes,7623,7168,8007,6598
Excellent,Outgoing,Stats,Redbrick,Yes,4784,2626,8756,7429
OK,Shy,IT,BestCollege,No,5594,9624,3975,9517
Weak,Confident,IT,Peters,No,7051,3979,3951,846
OK,Confident,Stats,Redbrick,No,3654,7961,1985,4276
Excellent,Nerdy,CS,Redbrick,Yes,7622,8601,9117,1659
Weak,Nerdy,IT,Redbrick,Yes,4824,8605,7397,8786
Excellent,Nerdy,Stats,BestCollege,Yes,8553,2854,1127,6818
OK,Confident,IT,BestCollege,No,8189,9747,387,3100
Excellent,Outgoing,Stats,PJIT,Yes,679,5854,5858,1511
Excellent,Outgoing,Stats,PJIT,No,5027,6021,2581,5786
Excellent,Shy,CS,Redbrick,No,7345,4701,6650,6177
Weak,Nerdy,IT,BYU,No,478,2402,6810,8549
OK,Confident,Stats,BYU,No,9674,9200,8691,8982
OK,Nerdy,IT,Peters,Yes,704,2538,6040,1681
OK,Outgoing,Stats,Redbrick,Yes,3146,6178,8236,9706
OK,Nerdy,Stats,BestCollege,No,281,7099,7491,6148
Excellent,Outgoing,IT,PJIT,Yes,9261,4917,5794,9771
Excellent,Confident,IT,BestCollege,Yes,1502,6337,5874,3732
OK,Outgoing,IT,Peters,Yes,1811,5010,7805,9037
OK,Shy,DataScience,PJIT,Yes,1996,2821,9337,8397
OK,Shy,DataScience,Redbrick,Yes,1167,1651,8324,8594
Excellent,Outgoing,Stats,Redbrick,No,7908,9855,1255,5882
Weak,Confident,IT,BYU,No,2074,6871,2152,7930
Excellent,Nerdy,IT,PJIT,Yes,7562,7753,3970,1769
Weak,Shy,Stats,BestCollege,Yes,8118,1183,7658,3854
Excellent,Shy,Stats,PJIT,No,2048,5428,3421,6207
Excellent,Shy,CS,Redbrick,Yes,123,2347,5497,3158
OK,Confident,Stats,BYU,Yes,9893,4633,3374,3245
Weak,Shy,DataScience,BYU,No,2385,7122,7112,2685
OK,Outgoing,DataScience,BYU,Yes,2505,6688,8958,8934
OK,Confident,DataScience,Redbrick,Yes,5585,3056,8018,7369
Weak,Shy,DataScience,Peters,Yes,9530,269,6568,9940
Excellent,Shy,CS,BYU,No,6793,8647,2922,1188
Excellent,Nerdy,Stats,Peters,Yes,9043,1826,5808,9086
OK,Nerdy,Stats,Redbrick,Yes,579,7970,5109,2331
Weak,Confident,CS,Peters,No,5719,6028,5339,4019
Weak,Nerdy,DataScience,BYU,No,9577,7561,2149,4854
OK,Shy,IT,BestCollege,No,514,3539,2092,7521
Excellent,Nerdy,IT,Peters,Yes,2586,9098,6456,3865
Excellent,Nerdy,IT,BYU,Yes,4745,9603,5637,5352
OK,Nerdy,Stats,BYU,No,1090,5424,1734,2829
OK,Outgoing,CS,PJIT,Yes,2426,8148,7271,6367
Excellent,Outgoing,DataScience,BYU,Yes,12,2215,6513,9682
OK,Nerdy,DataScience,BYU,Yes,8219,1183,2289,1661
Weak,Outgoing,CS,PJIT,No,5658,5475,7856,3091
OK,Outgoing,Stats,Redbrick,Yes,1188,5569,5103,2662
Excellent,Confident,Stats,BestCollege,Yes,1873,2745,6798,7391
OK,Shy,Stats,Peters,Yes,7121,5594,8235,5781
Weak,Outgoing,CS,Redbrick,No,7727,2880,4612,4372
Weak,Outgoing,IT,Peters,No,1501,1823,6359,4432
Weak,Shy,Stats,BYU,No,1193,1989,646,4139
Excellent,Shy,DataScience,Redbrick,Yes,6906,3953,2002,4033
Excellent,Nerdy,Stats,PJIT,No,7118,5289,3753,133
OK,Confident,IT,BYU,No,399,7419,816,4297
Weak,Shy,CS,Peters,No,1888,8472,4631,7958
OK,Shy,DataScience,PJIT,Yes,5151,4063,8881,8427
Weak,Confident,CS,BestCollege,No,99,701,7165,1742
Weak,Confident,DataScience,BestCollege,No,6373,9757,1962,594
Excellent,Outgoing,IT,Peters,No,3361,3061,3502,5101
OK,Shy,CS,Redbrick,No,9029,2616,2890,9331
Excellent,Confident,Stats,BestCollege,No,8742,9696,3401,5693
Excellent,Outgoing,Stats,Redbrick,No,5114,5058,862,9126
Excellent,Shy,DataScience,BestCollege,Yes,4495,1205,9902,1500
OK,Confident,Stats,BYU,Yes,4742,9319,5719,2479
Weak,Outgoing,DataScience,Redbrick,No,1244,8548,2255,880
OK,Nerdy,DataScience,BestCollege,No,125,255,6025,6481
Excellent,Outgoing,Stats,Redbrick,Yes,4020,4970,7309,3448
Excellent,Confident,Stats,BestCollege,Yes,9705,3279,7688,6629
Weak,Nerdy,IT,Redbrick,Yes,9980,1625,3121,5301
Weak,Outgoing,Stats,Redbrick,No,775,3876,3839,5425
OK,Nerdy,IT,BestCollege,No,5208,9709,4480,5340
OK,Confident,Stats,BestCollege,Yes,1883,50,5823,1060
OK,Shy,IT,BYU,Yes,5976,4173,2300,3602
Excellent,Confident,Stats,BestCollege,Yes,3233,1061,6300,2926
OK,Shy,CS,Redbrick,Yes,7,8796,9036,9275
OK,Nerdy,CS,BYU,Yes,4893,1002,9058,7515
OK,Shy,Stats,BYU,No,4156,5182,3472,9398
OK,Confident,CS,PJIT,Yes,1941,7312,7384,4059
OK,Confident,IT,Peters,No,4313,982,350,7499
OK,Outgoing,DataScience,BestCollege,Yes,8653,2199,8476,516
OK,Confident,IT,Peters,Yes,198,1970,7409,3401
Weak,Nerdy,DataScience,PJIT,Yes,7877,6179,8099,3847
Excellent,Shy,DataScience,Redbrick,Yes,3693,4378,7381,596
OK,Confident,DataScience,PJIT,Yes,4314,5475,9722,7302
Weak,Outgoing,DataScience,PJIT,No,4712,9948,3576,7029
OK,Confident,Stats,Redbrick,Yes,9082,3410,629,875
Weak,Outgoing,CS,PJIT,Yes,9790,629,7576,9278
Excellent,Outgoing,IT,BestCollege,Yes,1181,3281,5244,8998
Excellent,Nerdy,CS,PJIT,No,742,2942,3812,9392
Excellent,Shy,IT,Peters,No,5444,8715,873,1130
OK,Nerdy,DataScience,BestCollege,No,1293,450,3411,1923
Excellent,Confident,DataScience,BestCollege,Yes,1829,5002,5572,3156
Weak,Nerdy,Stats,BYU,Yes,9018,7486,9386,9248
